{
    "loss": 272.44891357421875,
    "accuracy": 0.4313725531101227
}