{
    "loss": 0.27003178000450134,
    "accuracy": 0.8627451062202454
}