{
    "loss": 16.8730411529541,
    "accuracy": 0.4313725531101227
}